date,ini_time,sw_type,band_type,ongoing,curvature,0_trof_time,4_inext,3_inext,2_inext,1_inext,0_inext,1_inext,2_inext,3_inext,4_inext,delta(4by2),delta(2by0),delta(0by2),delta(2by4),delta(4 by 0),delta(0by4),delta(4by1),delta(1by1),delta(1by4),delta(4by3),delta(3by2),delta(2by1),delta(1by0),delta(1by0),delta(2-1),delta(3-2),delta(4-3),4_angle,3_angle,2_angle,1_angle,0_angle,1_angle,2_angle,3_angle,4_angle,4_width,3_width,2_width,1_width,0_width,1_width,2_width,3_width,4_width,4_move,3_move,2_move,1_move,0_move,1_move,2_move,3_move,4_move,4_str,2_str,0_str,2_str,4_str,d(2-4)_width,d(0-2)_width,d(2-0)_width,d(4-2)_width,d(2-4)_move,d(0-2)_move,d(2-0)_move,d(4-2)_move
6/12/2018,9,5,1,1,1,15,128.6,142.7,143,154.9,128,158.5,146.4,128.4,170.9,14.1,-15,18.4,42.5,-0.6,42.9,26.3,3.6,12.4,14.1,0.3,11.9,-26.9,30.5,-12.1,-18,42.5,  ,260,300,275,275,255,280,260,260,68.4,57.4,30.3,50.7,30.6,39.4,34.2,32.6,28.5,79.4,75.7,51.3,67.1,70.8,75.7,80.6,83,68.4,1,1,3,3,3,-38.1,0.3,3.6,-5.7,-28.1,19.5,9.8,-12.2
11/12/2018,18,3,1,1,1,0,138.5,151.5,150,178.6,67.4,119.5,162.2,127.7,230,13,-82.6,94.8,102.3,-71.1,162.6,40.1,-59.1,110.5,13,-1.5,28.6,-111.2,52.1,42.7,-34.5,102.3,250,260,260,250,230,230,230,260,255,31.7,29.3,53.8,69.7,62.7,42.2,34.4,48.2,19.4,86.7,89.1,58.6,97.7,105,59.8,42.7,13.5,26.9,3,1,1,3,3,22.1,8.9,-28.3,-15,-28.1,46.4,-62.3,-15.8
24/12/2018,15,3,1,1,1,21,91.2,128.8,163.5,181.9,143.9,151.2,152.7,231.8,245.5,37.6,-19.6,8.8,13.7,52.7,101.6,90.7,-30.7,94.3,37.6,34.7,18.4,-38,7.3,1.5,79.1,13.7,290,280,270,290,280,270,270,300,290,53.1,56.9,26.2,26.3,29.3,35.4,39.3,32,30.2,36.6,46.4,42.7,39.1,51.3,31.7,20.8,26.9,18.5,1,1,2,3,3,-26.9,3.1,10,-9.1,6.1,8.6,-30.5,-2.3
25/1/2019,12,2,1,1,1,15,145.5,230.1,258.7,294.4,312.3,303.3,235.9,213.8,246.3,84.6,53.6,-76.4,32.5,166.8,-66,148.9,8.9,-57,84.6,28.6,35.7,17.9,-9,-67.4,-22.1,32.5,265,260,260,260,260,260,255,260,260,16.6,19.6,20.9,31.1,22.3,32.3,27.5,33.4,20.2,109.9,106.2,81.8,83,79.3,89.1,87.9,80.6,83,1,2,2,2,3,4.3,1.4,5.2,-7.3,-28.1,-2.5,8.6,-4.9
7/3/2019,6,3,1,1,1,12,45.1,47.1,26.1,30.4,38.4,19.8,48.1,77.1,71.1,2,12.3,9.7,-6,-6.7,32.7,-14.7,-10.6,51.3,2,-21,4.3,8,-18.6,28.3,29,-6,280,275,265,265,255,250,240,240,250,33.8,23.8,43.2,13.6,17,9.3,15.7,26.8,6.7,-3,3.8,8.5,54.9,63.5,72,42.8,-15.4,-58.6,3,1,2,3,3,9.4,-26.2,-1.3,-9,11.5,55,-20.7,-101.4
16/3/2019,6,2,1,1,1,12,143.9,223.2,239.7,236.1,235.4,237.2,239.5,274.3,279.4,79.3,-4.3,4.1,5.1,91.5,44,92.2,1.1,42.2,79.3,16.5,-3.6,-0.7,1.8,2.3,34.8,5.1,230,265,275,260,270,255,280,280,280,12.1,7.4,10,5.6,24.6,34.9,28.1,20.8,23.3,-51.3,30.5,-9.8,3.7,12.2,33,13.4,30.6,35.4,1,3,3,1,1,-2.1,14.6,3.5,-4.8,41.5,22,1.2,22
10/11/2017,0,2,1,1,1,6,0,0,0,0,100.9,354.7,344.9,375.2,428.1,0,100.9,244,52.9,100.9,327.2,0,354.7,73.4,0,0,0,100.9,253.8,-9.8,30.3,52.9,NA,NA,NA,NA,265,260,270,270,275,NA,NA,NA,NA,18.7,28.1,30.5,40.7,11.6,NA,NA,NA,NA,24.6,18.3,-18.4,-11,-9.9,NA,NA,1,2,3,NA,NA,11.8,-18.9,NA,NA,-43,8.5
27/11/2017,3,3,1,1,1,6,393.4,350.2,272.7,234.2,336.3,348.1,226.7,288.1,316.5,-43.2,63.6,-109.6,28.4,-57.1,-19.8,-159.2,113.9,-31.6,-43.2,-77.5,-38.5,102.1,11.8,-121.4,61.4,28.4,NA,NA,NA,NA,265,270,275,280,270,94.3,100.9,89.1,41.5,44.9,35.4,17.3,24.4,14.5,78.1,30.5,19.5,20.8,24.4,4.9,-3.7,6.1,6.1,1,3,1,3,3,-5.2,-44.2,-27.6,-2.8,-58.6,4.9,-28.1,9.8
3/12/2017,12,3,1,1,0,18,333,373.5,401.8,234.9,456.6,0,0,0,0,40.5,54.8,-456.6,0,123.6,-456.6,-98.1,-234.9,0,40.5,28.3,-166.9,221.7,-456.6,0,0,0,270,270,270,280,280,NA,NA,NA,NA,38.5,15.3,33.7,18.9,10.4,NA,NA,NA,NA,34.2,34.2,42.7,37.8,52.5,34.2,33,31.7,26.9,1,1,3,NA,NA,-4.8,-23.3,NA,NA,8.5,9.8,-19.5,-6.1
1/1/2018,18,3,1,1,1,15,0,0,0,0,0,0,0,0,0,0,0,0,0,0,0,0,0,0,0,0,0,0,0,0,0,0,265,265,270,260,260,260,260,260,260,11,14.7,14.6,25.1,32.8,15.7,9.8,14.4,14.4,15.9,29.3,16.5,18.4,45.8,38.4,43.3,41.5,36.6,1,1,2,1,1,3.6,18.2,-23,4.6,0.6,29.3,-2.5,-6.7
9/2/2018,12,5,1,1,1,15,87,77.5,105.6,66.4,87,112.2,22,0,0,-9.5,-18.6,-65,0,0,-87,-20.6,45.8,-112.2,-9.5,28.1,-39.2,20.6,25.2,-90.2,-22,0,280,280,280,270,270,260,270,250,NA,45.2,27.5,23.8,23.9,17.8,22.2,14.1,18.3,11.6,42.7,51.9,59.8,64.2,78.3,95.2,100.1,128.8,129.4,2,3,3,3,3,-21.4,-6,-3.7,-2.5,17.1,18.5,21.8,29.3
15/11/2014,15,5,1,1,1,21,185.2,182.8,184.2,172.8,197.3,114.4,92.4,109.7,128.7,-2.4,13.1,-104.9,19,12.1,-68.6,-12.4,-58.4,14.3,-2.4,1.4,-11.4,24.5,-82.9,-22,17.3,19,NA,NA,NA,NA,NA,270,260,260,260,33.1,26.1,33.5,36.1,52.1,55.8,65.9,46.4,39.7,29.3,18.9,20.1,61.6,72.6,69,80.6,78.7,87.9,1,1,2,1,3,0.4,18.6,13.8,-26.2,-9.2,52.5,8,7.3
18/11/2014,0,5,1,1,1,18,284.3,290.6,302.4,300.4,296.9,130.5,122.6,142.5,142.3,6.3,-5.5,-174.3,-0.2,12.6,-154.6,16.1,-169.9,11.8,6.3,11.8,-2,-3.5,-166.4,-7.9,19.9,-0.2,255,255,255,255,255,255,255,255,255,23.4,27.5,29.1,32,35.8,31.1,31.8,28.1,18.7,97,96.4,94.6,91.5,87.3,86.7,80.6,86.7,86.1,2,2,2,3,3,5.7,6.7,-4,-13.1,-2.4,-7.3,-6.7,5.5
19/11/2014,6,5,1,1,1,0,142.3,144.7,152.3,137.9,129.3,127.1,273,281.4,314.4,2.4,-23,143.7,33,-13,185.1,-4.4,-10.8,187.3,2.4,7.6,-14.4,-8.6,-2.2,145.9,8.4,33,260,260,260,265,260,260,255,265,265,37.2,19.2,35.5,64.6,52.4,55.7,52.9,41.8,39.8,82.4,88.5,83.6,89.1,103.1,101.3,92.8,77.5,65.1,2,3,NA,NA,NA,-1.7,16.9,0.5,-13.1,1.2,19.5,-10.3,-27.7
21/11/2014,0,5,1,1,0,9,199.1,272.6,170.8,188.1,153.1,190.1,209.3,188.6,138,73.5,-17.7,56.2,-50.6,-46,-15.1,-11,2,-52.1,73.5,-101.8,17.3,-35,37,19.2,-20.7,-50.6,280,285,280,280,290,300,300,300,300,33.6,29.9,40.3,36.6,28.1,18.9,31.8,17.8,25,34.2,27.5,28.7,19.5,20.1,17.3,14,3.1,15.3,2,2,2,2,3,6.7,-12.2,3.7,-6.8,-5.5,-8.6,-6.1,1.3
31/12/2014,9,3,1,1,1,12,176.6,74.4,160.6,95.2,120.7,166.5,81,75.7,75.4,-102.2,-39.9,-39.7,-0.3,-55.9,-45.3,-81.4,71.3,-91.1,-102.2,86.2,-65.4,25.5,45.8,-85.5,-5.3,-0.3,275,270,270,270,270,275,280,285,280,29.7,34.8,36.1,31.4,24,23.2,20.1,11.7,23.8,37.2,44.6,39.7,30.5,26.2,18.9,22.6,21.4,27.5,2,2,3,2,2,6.4,-12.1,-3.9,3.7,2.5,-13.5,-3.6,4.9
5/1/2015,3,5,1,1,1,3,146.6,131.2,113.9,164.7,186,86,140.3,197.4,162.3,-15.4,72.1,-45.7,-35.1,39.4,-23.7,18.1,-78.7,76.3,-15.4,-17.3,50.8,21.3,-100,54.3,57.1,-35.1,265,260,260,255,260,260,270,280,270,11.1,34.9,18.6,54.7,50.4,25.7,22,49.1,50.7,71.4,48.2,41.5,28.1,15.3,32.3,51.3,26.2,36,1,2,1,1,3,7.5,31.8,-28.4,28.7,-29.9,-26.2,36,-15.3
6/1/2015,9,5,1,1,0,18,32,45,42.9,42,47.1,44.4,36.8,50,68.4,13,4.2,-10.3,18.4,15.1,21.3,10,2.4,24,13,-2.1,-0.9,5.1,-2.7,-7.6,13.2,18.4,270,270,270,270,265,260,260,255,250,21.4,13.4,14.2,12.8,14.7,13.3,23.5,36.4,54.8,67.7,69.6,77.5,81,88.5,93.4,92.8,99.5,80.5,2,2,2,1,1,-7.2,0.5,8.8,31.3,9.8,11,4.3,-12.3
7/1/2015,9,3,1,1,0,15,141.7,148.6,192.9,181.5,0,0,0,0,0,6.9,-192.9,0,0,-141.7,0,39.8,-181.5,0,6.9,44.3,-11.4,-181.5,0,0,0,0,260,270,280,300,300,275,300,300,300,40.2,33.7,38.1,4.5,7.3,5.1,3.2,NA,NA,37.8,14.5,-6.8,-50.8,-34.2,-15.3,-34.8,-33,-29.9,1,3,3,3,1,-2.1,-30.8,-4.1,NA,-44.6,-27.4,-0.6,4.9
9/3/2015,6,5,1,1,0,12,387.6,304.6,352.3,0,0,0,0,0,0,-83,-352.3,0,0,-387.6,0,-387.6,0,0,-83,47.7,-352.3,0,0,0,0,0,260,255,255,250,270,260,270,NA,NA,9.8,18.7,26.7,49.7,25.8,11.2,15.4,NA,NA,144,114.7,60.4,20.2,-37.4,-84.8,-118.4,NA,NA,3,1,2,3,3,16.9,-0.9,-10.4,NA,-83.6,-97.8,-81,
19/12/2015,9,5,1,1,1,9,147.7,189.5,232.6,250.4,299.6,305.9,300.6,311.1,295.1,41.8,67,1,-16,151.9,-4.5,102.7,55.5,-10.8,41.8,43.1,17.8,49.2,6.3,-5.3,10.5,-16,270,270,270,270,270,260,260,280,270,49.5,57.4,49.5,52.2,34.8,39.7,41.7,54.1,33.6,35.4,45.8,29.9,36,45.2,45.8,40.3,48.2,26.8,1,1,2,2,2,0,-14.7,6.9,-8.1,-5.5,15.3,-4.9,-13.5
31/12/2015,15,4,1,1,1,18,113.5,84.1,127.4,155.2,128.5,139.9,152.5,112.3,123.9,-29.4,1.1,24,11.6,15,-4.6,41.7,-15.3,-16,-29.4,43.3,27.8,-26.7,11.4,12.6,-40.2,11.6,270,270,265,265,280,270,275,275,275,27,16.6,45.1,20.5,18.4,51.9,15.9,7.9,9.8,73.8,68.4,59.2,64.1,63.5,58,59.2,50.7,48.8,1,2,2,2,2,18.1,-26.7,-2.5,-6.1,-14.6,4.3,-4.3,-10.4
1/1/2016,18,3,1,1,1,0,234.6,275.4,258.1,245,196.7,265.3,264.5,306.4,203.8,40.8,-61.4,67.8,-102.6,-37.9,7.1,10.4,20.3,-61.5,40.8,-17.3,-13.1,-48.3,68.6,-0.8,41.9,-102.6,260,260,270,270,265,260,290,280,280,47.2,24,47.2,62,55.4,29.2,50.1,40.3,23.2,47.6,22.6,35.4,35.4,27.5,35.4,30.5,0,25.6,3,1,1,2,1,0,8.2,-5.3,-26.9,-12.2,-7.9,3,-4.9
2/1/2016,15,3,1,1,1,0,234.3,277.4,282.9,293.9,238.2,261.5,269.9,290.5,217.6,43.1,-44.7,31.7,-72.9,3.9,-20.6,59.6,-32.4,-43.9,43.1,5.5,11,-55.7,23.3,8.4,20.6,-72.9,260,270,270,270,260,260,280,280,280,8.1,4.5,9.1,9.8,NA,NA,NA,NA,NA,38.5,22.6,25.6,42.1,26.2,0,19.5,26.9,20.7,2,3,NA,NA,NA,1,,NA,NA,-12.9,0.6,-6.7,1.2
3/1/2016,15,5,1,1,0,21,196.3,227.2,258.1,223.1,102.1,0,0,0,0,30.9,-156,-102.1,0,-94.2,-102.1,26.8,-223.1,0,30.9,30.9,-35,-121,-102.1,0,0,0,270,270,270,270,270,270,285,290,285,36.7,33.1,26.9,28.1,23.1,19.1,17.2,13.3,37.4,53.7,34.2,31.1,9.8,14,11.6,-9.2,9.8,-15.9,1,1,2,3,3,-9.8,-3.8,-5.9,20.2,-22.6,-17.1,-23.2,-6.7
11/1/2016,12,2,1,1,0,18,239.4,281.1,268.5,260.5,247.5,264.7,153.4,156.9,272,41.7,-21,-94.1,115.1,8.1,24.5,21.1,4.2,7.3,41.7,-12.6,-8,-13,17.2,-111.3,3.5,115.1,270,270,270,270,270,270,270,270,270,34.9,26.9,33.6,36,26.2,31.2,34.2,25.6,25,65.9,58.6,57.4,57.4,59.2,54.9,53.1,57.4,54.9,2,2,2,2,3,-1.3,-7.4,8,-9.2,-8.5,1.8,-6.1,1.8
12/1/2016,21,2,1,1,1,3,258.3,270.9,242.5,83.1,99.2,75,76.6,64.7,70,12.6,-143.3,-22.6,5.3,-159.1,-29.2,-175.2,-8.1,-5,12.6,-28.4,-159.4,16.1,-24.2,1.6,-11.9,5.3,270,270,270,270,280,280,270,270,270,31.2,39.1,36,31.2,40.3,25.7,18.3,22,39.1,62.3,60.4,65.9,75.1,75.1,83,90.9,104.4,113.5,NA,NA,1,2,2,4.8,4.3,-22,20.8,3.6,9.2,15.8,22.6
18/1/2016,18,2,1,1,0,6,0,0,0,59.8,64.3,99.5,119.4,117.3,116.3,0,64.3,55.1,-1,64.3,52,59.8,39.7,16.8,0,0,59.8,4.5,35.2,19.9,-2.1,-1,NA,NA,270,275,275,275,280,285,290,NA,NA,30.1,30.7,27.5,17.8,23.4,25.8,25,NA,NA,NA,61.6,45.8,50.7,54.3,54.9,17.1,NA,NA,1,1,3,NA,-2.6,-4.1,1.6,,,8.5,-37.2
27/1/2016,12,5,1,1,1,0,0,0,0,0,112.9,155.6,142.9,139.8,240.6,0,112.9,30,100.8,112.9,127.7,0,155.6,85,0,0,0,112.9,42.7,-12.7,-3.1,100.8,270,270,270,270,NA,NA,NA,NA,NA,NA,NA,NA,NA,11.1,18,32.9,92.6,78.5,54.9,67.9,66.5,67.2,67.1,59.2,3.1,-42.1,-40.2,2,3,1,1,1,NA,NA,21.8,45.6,11.6,0.6,-64,-43.3
11/2/2016,6,5,1,1,1,12,170.2,251.1,254.4,266.5,178.9,57.7,50.2,141.7,188,80.9,-75.5,-128.7,46.3,8.7,9.1,96.3,-208.8,130.3,80.9,3.3,12.1,-87.6,-121.2,-7.5,91.5,46.3,275,270,275,260,270,270,280,280,290,22.7,21.4,20.8,25,11.8,9.8,11.9,9.5,5.1,31.1,32.4,31.2,24.4,12.2,39.7,30.5,30.5,17.7,1,1,3,2,3,-1.9,-9,0.1,-6.8,0.1,-19,18.3,-12.8
2/12/2016,21,3,1,1,1,21,123.1,159.3,210.1,246.9,322.5,275.6,288.7,274.3,279.9,36.2,112.4,-33.8,5.6,199.4,-42.6,123.8,28.7,4.3,36.2,50.8,36.8,75.6,-46.9,13.1,-14.4,5.6,280,275,265,260,260,270,270,270,270,16,NA,NA,81.8,58.6,63,37.2,63.2,77.5,77.5,62.9,56.1,54.9,40.9,35.4,22,10.1,14.1,1,1,1,1,3,NA,NA,-21.4,40.3,-21.4,-15.2,-18.9,-7.9
15/12/2016,9,2,1,1,1,12,284.1,268.6,270.4,281.8,280.5,297.9,0,0,0,-15.5,10.1,-280.5,0,-3.6,-280.5,-2.3,16.1,-297.9,-15.5,1.8,11.4,-1.3,17.4,-297.9,0,0,290,290,290,280,290,290,280,280,280,44.5,40.6,44.7,31.5,57.4,48.2,34.9,30.2,46.4,54.9,52.5,51.3,40.3,22,-10.4,-34.2,-40.3,-17.1,2,1,1,3,1,0.2,12.7,-22.5,11.5,-3.6,-29.3,-56.2,17.1
19/12/2016,18,5,1,1,0,21,0,32,64.9,73,77.2,90,92.4,104.7,112.7,32,12.3,15.2,8,77.2,35.5,73,17,22.7,32,32.9,8.1,4.2,12.8,2.4,12.3,8,260,260,265,260,260,275,265,260,270,48.9,49.3,39.1,50.8,62.8,60.4,30.4,40.6,63.6,97,97.7,80.6,76.3,78.1,86.7,88.5,79.4,74.5,1,1,1,3,2,-9.8,23.7,-32.4,33.2,-16.4,-2.5,10.4,-14
20/12/2016,3,5,1,1,0,6,94.6,77.4,104.4,77.3,84.5,99,0,0,0,-17.2,-19.9,-84.5,0,-10.1,-84.5,-17.3,21.7,-99,-17.2,27,-27.1,7.2,14.5,-99,0,0,270,265,270,265,265,270,270,NA,NA,43.4,31.4,31.8,61.2,52.9,47.7,NA,NA,NA,90.4,97.7,104.4,112.9,96.4,NA,NA,NA,NA,2,3,2,3,NA,-11.6,21.1,NA,NA,14,-8,NA,NA
28/12/2016,3,5,1,1,0,6,113.2,156.6,205.9,207.8,142.8,170.7,222.2,221.6,223.7,43.4,-63.1,79.4,2.1,29.6,80.9,94.6,-37.1,53,43.4,49.3,1.9,-65,27.9,51.5,-0.6,2.1,270,265,270,270,270,280,280,265,275,37.2,27.2,24.2,34.9,20.1,32.4,36.7,26.2,25.7,48.2,36.6,27.7,29.3,12.8,4.3,5.5,26.2,15.3,1,2,1,2,2,-13,-4.1,16.6,-11,-20.5,-14.9,-7.3,9.8
29/12/2016,15,3,1,1,0,0,85.3,136,146.8,170.7,180.6,158.4,162.3,138.7,149.7,50.7,33.8,-18.3,11,95.3,-30.9,85.4,-12.3,-8.7,50.7,10.8,23.9,9.9,-22.2,3.9,-23.6,11,290,285,270,270,NA,NA,NA,NA,NA,26.2,19.3,28.7,59.9,31.8,69,50.2,19.9,18.1,89.1,85.4,86.7,68.4,42.7,40.9,26.9,21.4,31.7,1,1,1,2,3,2.5,3.1,18.4,-32.1,-2.4,-44,-15.8,4.8
1/1/2017,12,5,1,1,0,15,203.1,207.8,224.4,198.4,209.3,160.2,135.2,194.9,0,4.7,-15.1,-74.1,-194.9,6.2,-209.3,-4.7,-38.2,-160.2,4.7,16.6,-26,10.9,-49.1,-25,59.7,-194.9,270,275,290,280,280,270,290,280,270,,,,,,,,,,29.1,19.5,8.6,30.5,28.7,39.7,37.3,61.7,75.1,1,2,1,2,3,0,0,0,0,-20.5,20.1,8.6,37.8
27/10/2013,18,5,1,1,0,15,85.2,130.9,131,159,112.5,104.9,143.1,143.5,140.5,45.8,-18.5,30.6,-2.6,27.3,28,73.8,-54.1,35.6,45.7,0.1,28,-46.5,-7.6,38.2,0.4,-3,275,275,270,275,280,280,280,275,275,,,,,,,,,,62.5,50,29.5,36.6,36.6,41.5,33.4,59.8,42.7,2,2,3,2,1,,,,,-33,7.1,-3.2,9.3
10/11/2013,6,3,1,1,1,15,62.7,153,182.7,159.4,170.4,198.2,235,169.7,163.2,120,-12.3,64.6,-71.8,107.7,-7.2,96.7,38.8,-35,90.3,29.7,-23.3,11,27.8,36.8,-65.3,-6.5,270,270,270,270,270,270,265,270,270,,,,,,,,,,86.7,79.4,92.8,74.5,78.1,83,87,67.1,64.8,1,1,2,1,2,,,,,6.1,-14.7,8.9,-22.2
18/11/2013,21,3,1,1,1,21,0,55,134.3,199.9,216.6,210.6,198.7,205.7,233.8,134.3,82.3,-17.9,35.1,216.6,17.2,199.9,10.7,23.2,55,79.3,65.6,16.7,-6,-11.9,7,28.1,270,265,260,255,255,255,260,255,260,,,,,,,,,,76.5,79.3,73.2,70.8,56.1,35.4,12.2,-12.2,0,1,1,1,2,1,,,,,-3.3,-17.1,-43.9,-12.2
10/12/2013,21,2,1,1,1,0,102.9,119.7,175.6,224.6,155.6,145.4,136.2,191.3,185,72.7,-20,-19.4,48.8,52.7,29.4,121.7,-79.2,39.6,16.8,55.9,49,-69,-10.2,-9.2,55.1,-6.3,270,270,270,265,265,265,265,265,270,,,,,,,,,,50.1,78.2,79.3,78,68.4,63.5,58.6,41.5,69.6,1,2,1,1,1,,,,,29.2,-10.9,-9.8,11
11/12/2013,21,2,1,1,1,0,182.7,193.4,260.2,255.2,276,295.4,261.7,213.4,262,77.5,15.8,-14.3,0.3,93.3,-14,72.5,40.2,-33.4,10.7,66.8,-5,20.8,19.4,-33.7,-48.3,48.6,260,260,260,265,265,270,270,275,275,,,,,,,,,,65.9,61,51.3,50,42.7,50,37.8,31.7,20.8,2,2,2,2,2,,,,,-14.6,-8.6,-4.9,-17
16/12/2013,0,2,1,1,1,0,68.2,103.2,122.4,121.8,64.8,104.4,101.9,151.5,136.8,54.2,-57.6,37.1,34.9,-3.4,72,53.6,-17.4,32.4,35,19.2,-0.6,-57,39.6,-2.5,49.6,-14.7,270,270,270,275,270,270,270,270,265,,,,,,,,,,61.5,64.7,43.7,59.8,50.5,62.3,73.2,73.1,76.2,1,2,1,1,1,,,,,-17.8,6.8,22.7,3
27/12/2013,12,3,1,1,1,12,112.4,100.6,116.2,81.6,88.7,85.8,114.5,88.5,142,3.8,-27.5,25.8,27.5,-23.7,53.3,-30.8,4.2,56.2,-11.8,15.6,-34.6,7.1,-2.9,28.7,-26,53.5,265,265,270,270,275,275,270,265,260,,,,,,,,,,79.4,69.6,74.5,79.7,89.1,96.2,94,118.4,112.3,2,3,1,2,2,,,,,-4.9,14.6,4.9,18.3
7/2/2014,6,5,1,1,1,9,80.1,83.3,83.5,88.8,99.8,82.6,114.4,118,130.7,3.4,16.3,14.6,16.3,19.7,30.9,8.7,-6.2,48.1,3.2,0.2,5.3,11,-17.2,31.8,3.6,12.7,260,260,260,265,260,260,260,260,265,,,,,,,,,,103.8,96.5,92.9,109.9,103.8,91.5,87.9,85.5,86.7,2,2,2,2,2,,,,,-10.9,10.9,-15.9,-1.2
9/2/2014,6,5,1,1,0,6,57.2,77.6,73.7,68.3,81.9,80,70.9,62.4,0,16.5,8.2,-11,-70.9,24.7,-81.9,11.1,11.7,-80,20.4,-3.9,-5.4,13.6,-1.9,-9.1,-8.5,-62.4,250,255,260,270,270,270,270,270,270,,,,,,,,,,59.6,51.3,47.3,56.1,47.2,56.1,68.4,50.2,75.1,1,2,1,2,3,,,,,-12.3,-0.1,21.2,6.7
15/2/2014,18,2,1,1,1,18,64.5,94.3,118.5,145.5,159.1,106.1,149.6,162.2,139.2,54,40.6,-9.5,-10.4,94.6,-19.9,81,-39.4,33.1,29.8,24.2,27,13.6,-53,43.5,12.6,-23,250,245,240,250,270,270,270,270,275,,,,,,,,,,53.7,52.6,72.1,45.1,7.4,NA,NA,NA,36.6,1,2,1,3,3,,,,,18.4,-64.7,NA,NA
25/11/2012,15,3,1,1,1,18,337.5,290.2,338.8,193.4,318.8,300,308.5,207.9,247.7,1.3,-20,-10.3,-60.8,-18.7,-71.1,-144.1,106.6,-52.3,-47.3,48.6,-145.4,125.4,-18.8,8.5,-100.6,39.8,280,280,280,280,280,280,280,280,275,,,,,,,,,,47.7,48.7,50.1,52.2,45.2,68.4,61,59.9,70.8,2,1,1,1,1,,,,,2.4,-4.9,15.8,9.8
28/11/2012,15,4,1,1,0,15,137.4,296.6,276.3,108.9,146.6,81.3,73.5,118,148.2,138.9,-129.7,-73.1,74.7,9.2,1.6,-28.5,-27.6,66.9,159.2,-20.3,-167.4,37.7,-65.3,-7.8,44.5,30.2,260,260,260,260,260,260,260,255,245,,,,,,,,,,101.3,111.1,108.6,114.8,92.8,95.2,76.9,109.6,95.2,3,2,2,1,1,,,,,7.3,-15.8,-15.9,18.3
12/12/2012,15,5,1,1,1,15,131.9,116.9,221.4,260.7,292.1,226.3,246.2,112.2,145.4,89.5,70.7,-45.9,-100.8,160.2,-146.7,128.8,-34.4,-80.9,-15,104.5,39.3,31.4,-65.8,19.9,-134,33.2,245,255,265,265,265,260,250,250,250,,,,,,,,,,103.8,100.1,87.9,82.6,74.5,80.6,109.9,107.5,118.5,1,1,2,3,2,,,,,-15.9,-13.4,35.4,8.6
4/1/2013,21,2,1,1,0,21,326.1,290.8,237.6,221.3,159.4,156.1,142.7,0,0,-88.5,-78.2,-16.7,-142.7,-166.7,-159.4,-104.8,-65.2,-156.1,-35.3,-53.2,-16.3,-61.9,-3.3,-13.4,-142.7,0,260,265,270,265,265,265,265,265,265,,,,,,,,,,64.7,70.8,75.7,85.4,97.7,51.3,74.3,70.3,65.9,1,2,2,3,3,,,,,11,22,-23.4,-8.4
13/2/2013,6,5,1,1,0,9,63,67.1,67.6,79.8,93.1,94,133.6,137.6,153.8,4.6,25.5,40.5,20.2,30.1,60.7,16.8,14.2,59.8,4.1,0.5,12.2,13.3,0.9,39.6,4,16.2,270,275,280,280,280,260,260,260,260,,,,,,,,,,57.4,58.4,62.2,68.4,75.7,73.3,75.8,69.9,70.8,2,1,1,1,1,,,,,4.8,13.5,0.1,-5
2/3/2013,3,2,1,1,0,6,144.2,124.2,126.9,133.5,131.4,161.7,128.7,117.5,82,-17.3,4.5,-2.7,-46.7,-12.8,-49.4,-10.7,28.2,-79.7,-20,2.7,6.6,-2.1,30.3,-33,-11.2,-35.5,,,,,,,,,,,,,,,,,,,84.2,83,73.3,70.8,59.8,86.7,118.4,128.7,114.7,2,2,1,3,3,,,,,-10.9,-13.5,58.6,-3.7
10/12/2011,9,2,1,1,1,15,107.9,99.6,134.9,185.6,215.4,225.4,133.2,129.5,177.6,27,80.5,-82.2,44.4,107.5,-37.8,77.7,39.8,-47.8,-8.3,35.3,50.7,29.8,10,-92.2,-3.7,48.1,275,275,270,270,275,270,270,270,265,,,,,,,,,,47.6,53.7,58.7,62.8,62.3,53.7,62.2,68.4,75.7,1,1,1,2,2,,,,,11.1,3.6,-0.1,13.5
16/12/2011,3,5,1,1,1,6,141.8,176.3,264.2,250.9,274.8,203.4,258.5,287.1,176.9,122.4,10.6,-16.3,-81.6,133,-97.9,109.1,-47.5,-26.5,34.5,87.9,-13.3,23.9,-71.4,55.1,28.6,-110.2,250,255,260,260,260,270,270,270,270,,,,,,,,,,59.7,59.8,58.6,42.7,47.6,39.1,56.1,53.7,33,1,2,1,2,2,,,,,-1.1,-11,8.5,-23.1
2/1/2012,3,2,1,1,1,9,13.3,71.1,126,176.6,216.9,233.3,234.2,195.7,217.6,112.7,90.9,17.3,-16.6,203.6,0.7,163.3,56.7,-15.7,57.8,54.9,50.6,40.3,16.4,0.9,-38.5,21.9,265,260,260,255,255,260,260,260,260,,,,,,,,,,107.4,118.4,95.6,86.7,76.7,68.4,101.3,69.1,54.9,1,2,1,3,1,,,,,-11.8,-18.9,24.6,-46.4
14/1/2012,0,5,1,1,0,3,128.7,137,158.7,201.5,220.9,238.9,232,183.2,131.9,30,62.2,11.1,-100.1,92.2,-89,72.8,37.4,-107,8.3,21.7,42.8,19.4,18,-6.9,-48.8,-51.3,265,265,265,265,270,270,270,270,270,,,,,,,,,,45.6,34.2,36.7,37.9,36.6,28.1,28.1,41.5,50.1,1,2,2,2,3,,,,,-8.9,-0.1,-8.5,22
17/11/2011,21,5,1,1,1,21,89.7,123.5,152.2,174.5,209.3,113.9,128.5,93.9,103.1,62.5,57.1,-80.8,-25.4,119.6,-106.2,84.8,-60.6,-10.8,33.8,28.7,22.3,34.8,-95.4,14.6,-34.6,9.2,270,270,270,280,270,270,280,280,280,,,,,,,,,,47.6,40.9,39.1,42.7,36.6,45.2,39.1,53.1,41.5,1,1,3,1,1,,,,,-8.5,-2.5,2.5,2.4
15/10/2011,12,5,1,1,1,18,224.1,223.3,239.3,253.1,108.4,140.8,132.1,68.9,111.3,15.2,-130.9,23.7,-20.8,-115.7,2.9,29,-112.3,-29.5,-0.8,16,13.8,-144.7,32.4,-8.7,-63.2,42.4,250,250,250,250,255,250,250,250,250,,,,,,,,,,126.5,127.6,131.8,108,102.6,90.4,NA,NA,NA,1,1,1,3,3,,,,,5.3,-29.2,NA,NA
2/12/2010,3,2,1,1,0,3,89.8,109.1,112.5,106.2,105.9,128.3,144.2,130.4,125,22.7,-6.6,38.3,-19.2,16.1,19.1,16.4,22.1,-3.3,19.3,3.4,-6.3,-0.3,22.4,15.9,-13.8,-5.4,260,260,260,260,260,260,260,260,260,,,,,,,,,,100.7,95.8,100.7,109.9,96.4,94.6,99.5,98.3,100.1,2,1,1,1,2,,,,,0,-4.3,3.1,0.6
2/12/2010,15,2,1,1,0,18,208.3,212.6,135.4,140.4,99.4,131.4,102.2,106.4,122.9,-72.9,-36,2.8,20.7,-108.9,23.5,-67.9,-9,-8.5,4.3,-77.2,5,-41,32,-29.2,4.2,16.5,255,255,260,265,260,260,260,255,260,,,,,,,,,,97.7,95.8,95.3,90.4,101.3,106.3,103.8,102.5,100.7,2,2,2,2,2,,,,,-2.4,6,2.5,-3.1
16/12/2010,21,2,1,1,1,21,95.4,80.2,124.2,105,134.2,102.5,109.1,121.3,107.6,28.8,10,-25.1,-1.5,38.8,-26.6,9.6,-2.5,5.1,-15.2,44,-19.2,29.2,-31.7,6.6,12.2,-13.7,275,275,275,270,265,260,265,270,265,,,,,,,,,,58,59.2,67.7,83.6,89.7,90.9,84.8,75.7,69.6,2,2,2,2,2,,,,,9.7,22,-4.9,-15.2
12/2/2011,12,5,1,1,1,15,54,62.2,128.3,125.3,123.8,130.8,164.7,248.6,325.4,74.3,-4.5,40.9,160.7,69.8,201.6,71.3,5.5,194.6,8.2,66.1,-3,-1.5,7,33.9,83.9,76.8,250,250,255,255,260,260,260,255,250,,,,,,,,,,77.5,81.2,76.9,65.9,73.8,70.2,50.7,29.9,-20.8,2,2,1,2,2,,,,,-0.6,-3.1,-23.1,-71.5
26/2/2011,3,5,1,1,0,3,0,0,45.3,109.4,112.6,101.6,160.6,207.5,99.1,45.3,67.3,48,-61.5,112.6,-13.5,109.4,-7.8,-2.5,0,45.3,64.1,3.2,-11,59,46.9,-108.4,280,280,280,280,280,275,280,280,280,,,,,,,,,,75.1,76.9,72.7,81.8,79.9,75.7,45.8,54.9,70.8,2,2,1,1,1,,,,,-2.4,7.2,-34.1,25
4/1/2011,15,5,1,1,1,18,127.3,182.1,105.3,116.2,106.9,110.8,94,146.8,144.5,-22,1.6,-12.9,50.5,-20.4,37.6,-11.1,-5.4,33.7,54.8,-76.8,10.9,-9.3,3.9,-16.8,52.8,-2.3,255,250,255,255,255,265,265,265,270,,,,,,,,,,113.5,116,123.3,106.2,74.5,74.5,70.8,56.2,46.4,2,1,1,2,2,,,,,9.8,-48.8,-3.7,-24.4
5/1/2011,0,3,1,1,1,3,171.7,176,177.4,162.2,204.6,166.2,194,194.7,229.9,5.7,27.2,-10.6,35.9,32.9,25.3,-9.5,4,63.7,4.3,1.4,-15.2,42.4,-38.4,27.8,0.7,35.2,280,280,280,280,280,280,280,280,280,,,,,,,,,,41.5,47.6,45.2,46.1,46.5,23.3,15.9,27,-2.4,2,1,2,3,2,,,,,3.7,1.3,-30.6,-18.3
8/1/2011,12,1,1,1,0,3,23,29.2,15.9,8.2,0.6,0,0,0,0,-7.1,-15.3,-0.6,0,-22.4,-0.6,-14.8,-8.2,0,6.2,-13.3,-7.7,-7.6,-0.6,0,0,0,270,270,265,260,260,265,270,270,270,,,,,,,,,,70.8,68.4,70.8,57.5,58.5,62.4,69.6,58.6,64.7,2,3,2,1,2,,,,,0,-12.3,11.1,-4.9
21/1/2011,9,4,1,1,1,15,24.1,92.7,34.1,19.7,61.6,116.8,79.3,87.4,176.3,10,27.5,17.7,97,37.5,114.7,-4.4,97.1,59.5,68.6,-58.6,-14.4,41.9,55.2,-37.5,8.1,88.9,285,290,280,270,270,300,275,275,280,,,,,,,,,,67.1,65.9,39.1,34.2,28.1,39.1,63.5,62.3,68.4,2,2,1,1,1,,,,,-28,-11,35.4,4.9
23/1/2011,6,3,1,1,1,9,56.2,79.7,47.4,65.1,70.2,69.2,53.1,0,0,-8.8,22.8,-17.1,-53.1,14,-70.2,8.9,4.1,-69.2,23.5,-32.3,17.7,5.1,-1,-16.1,-53.1,0,260,265,260,260,270,280,300,310,300,,,,,,,,,,91.6,83,74.5,65.9,57.4,58.4,50.1,0,NA,1,1,3,3,3,,,,,-17.1,-17.1,-7.3,NA
25/1/2011,12,3,1,1,0,15,123.3,132.6,135.3,162,143.1,171.3,129.5,133.7,82.3,12,7.8,-13.6,-47.2,19.8,-60.8,38.7,9.3,-89,9.3,2.7,26.7,-18.9,28.2,-41.8,4.2,-51.4,260,260,260,260,260,265,260,260,260,,,,,,,,,,87.9,89,92.8,92.6,94.5,84.2,64.7,68.4,67.4,2,2,1,2,3,,,,,4.9,1.7,-29.8,2.7
28/1/2011,0,5,1,1,1,6,63.4,86.1,122.5,197.2,174,135.4,120.3,113.4,118,59.1,51.5,-53.7,-2.3,110.6,-56,133.8,-61.8,-17.4,22.7,36.4,74.7,-23.2,-38.6,-15.1,-6.9,4.6,290,290,290,290,290,280,270,270,270,,,,,,,,,,46.4,57.4,56.2,67.1,72,89,83,90.3,84.2,2,2,2,3,3,,,,,9.8,15.8,11,1.2
29/1/2011,3,2,1,1,0,6,113.9,97,109.7,105.8,40.1,70.3,55.1,69.3,88.8,-4.2,-69.6,15,33.7,-73.8,48.7,-8.1,-35.5,18.5,-16.9,12.7,-3.9,-65.7,30.2,-15.2,14.2,19.5,270,270,270,270,260,270,270,280,290,,,,,,,,,,68.4,68.4,74.5,81.8,79.3,78.1,46.4,47.6,56.2,2,2,2,2,2,,,,,6.1,4.8,-32.9,9.8
27/11/2010,9,3,1,1,1,12,148.6,315,370.1,263.1,267.7,216.2,243,252,290.3,221.5,-102.4,-24.7,47.3,119.1,22.6,114.5,-46.9,74.1,166.4,55.1,-107,4.6,-51.5,26.8,9,38.3,250,250,250,255,255,260,260,260,260,,,,,,,,,,96.4,74.5,72,61.1,52.5,72.1,72.8,79,48.8,1,2,2,1,2,,,,,-24.4,-19.5,20.3,-24
19/10/2010,9,5,1,1,0,15,29,25.7,28.4,51.7,31.5,23.1,46.2,42.5,41.1,-0.6,3.1,14.7,-5.1,2.5,9.6,22.7,-28.6,18,-3.3,2.7,23.3,-20.2,-8.4,23.1,-3.7,-1.4,270,270,270,270,275,275,275,270,280,,,,,,,,,,64.7,72,45.2,34.2,39.1,46.4,42.7,76.9,83,1,2,2,3,2,,,,,-19.5,-6.1,3.6,40.3
1/12/2009,3,5,1,1,0,6,35.8,49.7,25.9,21.4,32,42.2,67.5,68.3,0,-9.9,6.1,35.5,-67.5,-3.8,-32,-14.4,20.8,-42.2,13.9,-23.8,-4.5,10.6,10.2,25.3,0.8,-68.3,290,300,290,310,290,270,275,280,280,,,,,,,,,,30.5,24.4,34.2,30.5,36.7,61,79.3,78.1,85.2,1,1,1,2,2,,,,,3.7,2.5,42.6,5.9
28/12/2009,21,2,1,1,1,0,142.5,132.8,103.6,129.7,118.2,163.1,102.5,128.4,151.5,-38.9,14.6,-15.7,49,-24.3,33.3,-12.8,33.4,-11.6,-9.7,-29.2,26.1,-11.5,44.9,-60.6,25.9,23.1,270,290,280,270,270,270,300,285,280,,,,,,,,,,76.9,51.3,80.6,78.1,76.9,105,46.4,47.6,39.1,2,2,2,2,2,,,,,3.7,-3.7,-30.5,-7.3
1/1/2010,15,4,1,1,0,18,116.1,134.8,150.9,117.8,101.1,96.7,112.9,124.9,116.9,34.8,-49.8,11.8,4,-15,15.8,1.7,-21.1,20.2,18.7,16.1,-33.1,-16.7,-4.4,16.2,12,-8,270,270,280,270,270,270,270,275,275,,,,,,,,,,63.5,64.1,68.4,57.4,54.9,59.8,62.2,94,68.4,1,1,2,2,3,,,,,4.9,-13.5,7.3,6.2
15/1/2010,12,5,1,1,0,15,86.9,95.3,95.3,108.2,120,92.1,0,46.5,37.5,8.4,24.7,-120,37.5,33.1,-82.5,21.3,-16.1,-54.6,8.4,0,12.9,11.8,-27.9,-92.1,46.5,-9,270,270,265,265,260,265,270,270,270,,,,,,,,,,54.9,58.6,57.4,46.5,52.5,20.7,22.7,29.3,16,1,2,1,3,3,,,,,2.5,-4.9,-29.8,-6.7
27/1/2010,9,5,1,1,1,12,178.9,159.7,141.7,151,157.6,114.6,116.1,203.2,208.9,-37.2,15.9,-41.5,92.8,-21.3,51.3,-27.9,-36.4,94.3,-19.2,-18,9.3,6.6,-43,1.5,87.1,5.7,255,255,260,270,280,280,280,280,280,,,,,,,,,,72,52.5,46.4,50,46.4,57.4,78.1,87.9,96.4,1,2,1,2,2,,,,,-25.6,0,31.7,18.3
28/1/2010,15,4,1,1,1,18,86.6,118.3,147.4,142.4,126.5,198.6,181.1,196.8,217.8,60.8,-20.9,54.6,36.7,39.9,91.3,55.8,56.2,19.2,31.7,29.1,-5,-15.9,72.1,-17.5,15.7,21,250,250,240,235,275,275,275,275,265,,,,,,,,,,120.8,95.2,108.7,39.7,55,54.9,41.5,24.4,18.3,2,2,2,2,2,,,,,-12.1,-53.7,-13.5,-23.2
5/10/2009,3,5,1,1,1,3,20.4,54,94.2,158.7,21,48.7,84.5,104.3,57.1,73.8,-73.2,63.5,-27.4,0.6,36.1,138.3,-110,8.4,33.6,40.2,64.5,-137.7,27.7,35.8,19.8,-47.2,250,250,260,255,260,265,255,265,270,,,,,,,,,,98.9,87.9,75.7,50.1,86.7,92.8,72.1,48.9,47.6,1,2,2,2,2,,,,,-23.2,11,-14.6,-24.5
7/1/2014,3,4,1,1,1,6,57.1,93.3,130.6,108.3,100.2,123.7,118.6,134.3,126,73.5,-30.4,18.4,7.4,43.1,25.8,51.2,15.4,2.3,36.2,37.3,-22.3,-8.1,23.5,-5.1,15.7,-8.3,,,,,,,,,,,,,,,,,,,109.9,111.1,107.4,85.5,70.8,62.3,73.2,73.2,79.2,2,1,1,2,2,,,,,-2.5,-36.6,2.4,6
9/1/2014,6,5,1,1,1,6,91.5,51.5,87.1,79.5,90.5,56.8,42.7,41.1,72.2,-4.4,3.4,-47.8,29.5,-1,-18.3,-12,-22.7,15.4,-40,35.6,-7.6,11,-33.7,-14.1,-1.6,31.1,,,,,,,,,,,,,,,,,,,83,74.5,54.9,54.9,50.1,46.4,37.8,40.3,40.3,1,1,2,3,2,,,,,-28.1,-4.8,-12.3,2.5
28/1/2014,3,2,1,1,1,6,71.7,71.4,88.9,78.9,59.6,69.7,65.4,80.2,79.4,17.2,-29.3,5.8,14,-12.1,19.8,7.2,-9.2,9.7,-0.3,17.5,-10,-19.3,10.1,-4.3,14.8,-0.8,,,,,,,,,,,,,,,,,,,61.1,56.1,56.2,53.7,48.7,62.3,56.2,47.6,51.3,3,1,1,2,3,,,,,-4.9,-7.5,7.5,-4.9
29/1/2014,15,5,1,1,0,18,29.4,39.3,26,71.7,69.2,82.7,65,77.8,47.9,-3.4,43.2,-4.2,-17.1,39.8,-21.3,42.3,11,-34.8,9.9,-13.3,45.7,-2.5,13.5,-17.7,12.8,-29.9,,,,,,,,,,,,,,,,,,,90.3,95.2,96.4,95.4,108.8,96.4,96.4,98.9,95.2,2,2,1,2,1,,,,,6.1,12.4,-12.4,-1.2
